BN286	bunnies! (noun)
BN147	undertaker (noun)
BN1048	chickens (noun)
BN783	খচ্চর (noun)
BN504	শূকর (noun)
BN920	🐑 (noun)
BN283	cabbage (noun)
BN994	আলু (noun)
BN512	pig (noun)
BN114	balls (noun)
BN483	vaginas (noun)
BN227	dog (noun)
BN1122	শেয়াল (noun)
BN18	প্রাণী (noun)
BN444	নৈতিকতা (noun)
BN1055	শিশু (noun)
BN89	burro (noun)
BN837	মটরশুটি (noun)
BN292	bunnie (noun)
BN960	সন্ত্রাসবাদী (noun)
BN671	differently abled (noun)
BN680	impaired (noun)
BN530	thieves (noun)
BN6	অলসতা (noun)
BN96	পতিতালয় (noun)
BN305	🐇 (noun)
BN706	পতঙ্গ (noun)
BN49	rapists (noun)
BN1168	গাই (noun)
BN186	নরখাদক (noun)
BN131	বেশ্যা (noun)
BN282	বাঁধাকপি (noun)
BN336	কুমির (noun)
BN933	🐏 (noun)
BN686	disabilities (noun)
BN968	vulture (noun)
BN484	যোনি (noun)
BN1146	সন্ত্রাসবাদ (noun)
BN76	বোকা (noun)
BN163	🐄 (noun)
BN828	টিয়া (noun)
BN327	crocodiles (noun)
BN948	হংসী (noun)
BN1039	hen (noun)
BN951	swan (noun)
BN705	insect (noun)
BN580	same sex (noun)
BN501	hog (noun)
BN490	বাল (noun)
BN811	paparazzi (noun)
BN64	raping (noun)
BN132	মিথ্যা (noun)
BN566	homosexual (noun)
BN303	bunnies (noun)
BN328	alligator (noun)
BN1145	বিশ্রী (adjective)
BN520	stealing (noun)
BN684	differently-abled (noun)
BN1058	অন্ধ (adjective)
BN1079	ব্যাঙ (noun)
BN770	mosquitoes (noun)
BN1162	🐦 (noun)
BN27	animal (noun)
BN333	কুম্ভীর (noun)
BN694	lust (noun)
BN961	slayer (noun)
BN134	বাইসন (noun)
BN506	swine (noun)
BN175	man eater (noun)
BN74	মূর্খতা (noun)
BN170	খারাপ (adjective)
BN1059	বাদামি (adjective)
BN538	theives (noun)
BN1061	কোটনা (noun)
BN1158	birds (noun)
BN698	পোকা (noun)
BN851	pea (noun)
BN741	অব্যবস্থা (noun)
BN691	disabled (noun)
BN475	كس (noun)
BN861	হাঙর (noun)
BN449	মৌলবাদ (noun)
BN678	disable (noun)
BN1113	আরশোলা (noun)
BN349	hybrid (noun)
BN325	কুমীর (noun)
BN52	raped (noun)
BN78	donkey (noun)
BN531	ডাকাত (noun)
BN77	ass (noun)
BN1081	থলে (verb)
BN631	jews' (noun)
BN944	🐌 (noun)
BN854	shark (noun)
BN308	শশক (noun)
BN191	সারমেয় (noun)
BN696	দুঃখিত (adjective)
BN133	বেদুঈন (noun)
BN470	vagina (noun)
BN274	ধন (noun)
BN545	সমকামিতা (noun)
BN75	মূর্খ (noun)
BN69	forced sex (noun)
BN110	বীচি (noun)
BN120	আইনজীবি (noun)
BN383	অপরাধী (noun)
BN79	গাধা (noun)
BN1008	potato (noun)
BN445	কৃষক (noun)
BN155	cow (noun)
BN1071	🐸 (noun)
BN212	🐶 (noun)
BN646	ইহুদি (noun)
BN518	thief (noun)
BN117	অণ্ডকোষ (noun)
BN1100	cockroaches (noun)
BN446	পশুপালক (noun)
BN57	ধর্ষণ (noun)
BN1072	frog (noun)
BN267	🐐 (noun)
BN239	tribal (noun)
BN158	cattle (noun)
BN688	handicapped (noun)
BN143	black (noun)
BN957	হাঁস (noun)
BN436	tuch (noun)
BN149	funeral director (noun)
BN660	হায়েনা (noun)
BN949	cob (noun)
BN981	alu (noun)
BN1046	🐔 (noun)
BN930	ram (noun)
BN265	kid (noun)
BN261	goat (noun)
BN863	হাঙ্গর (noun)
BN1124	শিয়াল (noun)
BN1031	মুরগি (noun)
BN51	rapist (noun)
BN919	sheep (noun)
BN179	মানুষখেকো (noun)
BN241	উপজাতি (noun)
BN1166	bird (noun)
BN144	blackish (noun)
BN831	parrot (noun)
BN1022	জলদস্যু (noun)
BN532	theft (noun)
BN1062	নোংরা (adjective)
BN277	cabbages (noun)
BN740	ক্রোধ (noun)
BN207	doggy (noun)
BN969	শকুন (noun)
BN669	special people (noun)
BN632	jewish (noun)
BN255	goats (noun)
BN1068	frogs (noun)
BN1030	chicken (noun)
BN164	cows (noun)
BN377	শসা (noun)
BN628	ইহুদী (noun)
BN1105	তেলাপোকা (noun)
BN747	মিশ্রণ (noun)
BN1010	potatoes (noun)
BN773	mosquitos (noun)
BN556	সমকামী (noun)
BN829	parrots (noun)
BN1128	fox (noun)
BN379	cucumber (noun)
BN523	theif (noun)
BN200	bitch (noun)
BN417	নিতম্ব (noun)
BN1175	জুলু (noun)
BN647	jew (noun)
BN655	hyena (noun)
BN1088	জোঁক (noun)
BN535	তস্কর (noun)
BN921	ভেড়া (noun)
BN782	মথ (noun)
BN934	মেষ (noun)
BN732	নুনু (noun)
BN1143	কামুক (adjective)
BN1056	কাল (adjective)
BN397	grunge (noun)
BN38	animals (noun)
BN301	rabbit (noun)
BN322	পেঁচা (noun)
BN380	শশা (noun)
BN935	শামুক (noun)
BN1060	নকল (adjective)
BN385	crime (noun)
BN1057	কালো (adjective)
BN384	অপরাধ (noun)
BN980	potatos (noun)
BN251	ক্যাপরা (noun)
BN332	crocodile (noun)
BN189	বেক্কল (noun)
BN668	physically challenged (noun)
BN937	snail (noun)
BN1154	পাখী (noun)
BN1137	শৃগাল (noun)
BN53	rapes (noun)
BN1144	মূর্খ (adjective)
BN294	খরগোশ (noun)
BN699	insects (noun)
BN946	রাজহাঁস (noun)
BN841	মটরশুঁটি (noun)
BN683	প্রতিবন্ধী (noun)
BN304	খরগোস (noun)
BN492	সংগম (verb)
BN711	bug (noun)
BN218	কুকুর (noun)
BN437	পোঁদ (noun)
BN1111	cockroach (noun)
BN298	bunny (noun)
BN1028	মুরগী (noun)
BN463	ফ্যাসিবাদ (noun)
BN693	শিক্ষক (noun)
BN540	চুরি (noun)
BN820	পরজীবী (noun)
BN7	laziness (noun)
BN525	চোর (noun)
BN673	disability (noun)
BN209	dogs (noun)
BN334	🐊 (noun)
BN318	প্যাঁচা (noun)
BN630	jews (noun)
BN260	ছাগল (noun)
BN11	অলস (noun)
BN722	পুরুষাঙ্গ (noun)
BN695	কাম (noun)
BN502	শুকর (noun)
BN313	ছারপোকা (noun)
BN743	mixture (noun)
BN777	mosquito (noun)
BN1159	পাখি (noun)
BN710	কীট (noun)
BN493	চোদা (verb)
BN137	কালো (noun)
BN785	mule (noun)
BN736	penis (noun)
BN771	মশা (noun)
BN761	মঙ্গোল (noun)
BN192	inu (noun)
BN1045	bock bock (noun)
BN225	🐕 (noun)
BN1020	জলদস্যুতা (noun)
BN494	সহবাস (verb)
BN231	tribe (noun)
BN434	পাছা (noun)
BN977	aloo (noun)
BN528	thefts (noun)
BN573	সমকাম (noun)
BN681	disabling (noun)
BN50	rape (noun)
BN1078	বেঙ (noun)
BN551	homosexuality (noun)
BN167	গরু (noun)
