HE2008	诪转诇讜谞谉 (noun)
HE401	诇拽诇拽诇 (noun)
HE1246	诪讗驻讬讜谞专 (noun)
HE1147	拽专讜讘 诪砖驻讞讛 (noun)
HE1953	诇讬爪谞讬诐 (noun)
HE1451	讗诇讬诇讬诐 (noun)
HE1111	诪讜住专 (noun)
HE570	讗讬讚讬讜讟 (noun)
HE669	驻砖讜讟讬诐 (noun)
HE2034	住专 (adjective)
HE501	砖讞爪谞讜转 (noun)
HE2023	讻讬谞讬诐 (noun)
HE211	住讜讞专 (noun)
HE1989	转驻讜讞-讗讚诪讛 (noun)
HE984	讘讜砖 (noun)
HE1110	讛诪讜住专 (noun)
HE155	讘讜专 (noun)
HE932	讚诪讙讜讙 (noun)
HE1410	讬讛讜讚讬 (noun)
HE1103	讞讜讘讘谉 (noun)
HE433	专砖注讜转 (noun)
HE733	fuck (noun)
HE550	讗讜讻诇 讗讚诐 (noun)
HE224	注讜专讻转 讚讬谉 (noun)
HE2067	转专谞讙讜诇转 (noun)
HE2346	拽驻讛 (adjective)
HE228	转讜诪讱 (noun)
HE518	谞讜讚 (noun)
HE995	讙讜注诇 (noun)
HE662	讙讘专 (noun)
HE261	驻转讬 (noun)
HE2028	讚转讬讜转 (noun)
HE1933	诪注谞讛 (noun)
HE923	讚讗诐 (noun)
HE347	驻讛 讙讚讜诇 (noun)
HE1753	拽砖拽砖谉 (noun)
HE85	讛拽谞讗讬诐 (noun)
HE1126	讞讜讟讗 (noun)
HE1330	讞讝讬专讬诐 (noun)
HE60	诪注砖讛 住讚讜诐 (noun)
HE146	讞专讗 讗讞讚 (noun)
HE288	砖专诪讜讟讛 (noun)
HE404	诇住讘讱 (noun)
HE446	驻专 (noun)
HE585	讚讬讘讛 (noun)
HE403	讘讬讝讬讜谉 (noun)
HE1481	注谞讬 (noun)
HE313	砖拽专谉 (noun)
HE1150	拽谞讗讬 (noun)
HE141	讙讜诇诐 (noun)
HE1641	注砖 (noun)
HE2210	诪讟讜驻砖 (adjective)
HE1188	爪讞谞讛 (noun)
HE1091	注讜讘讚 (noun)
HE1210	注讚专 (noun)
HE1479	砖讟讜讬讜转 (noun)
HE894	讟讬专讜谉 (noun)
HE1734	转讜讻讬诐 (noun)
HE251	驻专讗讬讬专 (noun)
HE931	讚诪讙讜讙讬讛 (noun)
HE1652	驻专讚 (noun)
HE281	驻专讜抓 (noun)
HE202	砖讜讚 (noun)
HE623	住讬谞讬转 (noun)
HE2245	转拽讬驻讜转 诪讬谞讬讜转 (noun)
HE1132	专讞诇 (noun)
HE988	诇讻诇讜讱 (noun)
HE1007	讘讚讬注讘讚 (noun)
HE1529	注爪诇谞讬诐 (noun)
HE502	讬讛讬专讜转 (noun)
HE1535	诪爪注专 (adjective)
HE323	讘专讬讜谞讜转 (noun)
HE1094	注讘专讬讬谞讬诐 (noun)
HE2267	注讬谞讜讬 (noun)
HE2068	转讬谞讜拽讜转 (noun)
HE2328	拽讜谞住驻讬专爪讬讛 (noun)
HE2242	注讘讬专讜转 诪讬谉 (noun)
HE647	注讝 (noun)
HE1559	转注谞讛 (noun)
HE641	讬注诇 (noun)
HE2073	转讬谞讜拽 (noun)
HE35	讗拽讚诪讗讬诐 (noun)
HE1003	诪转讞讝讬诐 (noun)
HE963	驻砖注讬诐 (noun)
HE1352	砖诇诇 (noun)
HE1075	讙诪讚 (noun)
HE2260	驻讙讜注 (noun)
HE27	住专住讜专 (noun)
HE1372	讬砖 诇讬-诇讗 (noun)
HE536	专指注 (adjective)
HE1175	讗讞讚 诪讛专 (noun)
HE1815	讞讬讬讚拽讬诐 (noun)
HE495	讞讜爪驻讛 (noun)
HE972	砖诪抓 砖诇 诪讜砖讙 (noun)
HE2207	驻讜诇讬 (noun)
HE1459	诇讛砖讘讬转 (noun)
HE2181	转讬拽谉 (noun)
HE1419	讛讜诪诇住 (noun)
HE291	讜砖拽专 (noun)
HE1062	爪讬讜谞讬诐 (noun)
HE306	讘拽专 (noun)
HE2305	注讜驻讜转 (noun)
HE1526	转砖讜拽讛 (noun)
HE2304	爪讬驻讜专讬诐 (noun)
HE2095	讗诇讬诐 (adjective)
HE2234	讗诇讬诪讛 (adjective)
HE84	专讜讚祝 (noun)
HE2258	诪讞讘诇讬诐 (noun)
HE1343	讙谞讘讬诐 (noun)
HE579	诪砖诪讬抓 (noun)
HE1171	讞拽诇讗讬诐 (noun)
HE2064	注讜祝 (noun)
HE822	注专诪讜诪讬 (noun)
HE605	谞讜讻诇 (noun)
HE2224	注谞讬讛 (adjective)
HE2092	驻讞讚谉 (adjective)
HE2235	拽砖拽讜砖 (noun)
HE1540	专讜爪讞 (noun)
HE1573	驻讬谉 (noun)
HE962	注讘讬专讛 (noun)
HE233	讻诇讘 (noun)
HE576	诇砖讜谉 讛专注 (noun)
HE1488	诇讗 诪讜讻砖专 (noun)
HE785	驻讞讚谉 (noun)
HE862	诪谞讬讗拽 (noun)
HE1093	诪讟讜专祝 (adjective)
HE1458	诪讜讙讘诇讜讬讜转 (noun)
HE1580	拽谞讗讛 (noun)
HE1027	讛讝谞讘 (noun)
HE353	谞讜讻诇讜转 (noun)
HE2130	诪转专驻住 (noun)
HE1435	讛讬讘专讬住 (noun)
HE1361	讝谞讜转 (noun)
HE1889	诇讘谞讬诐 (noun)
HE71	讘讚讬讞讛 (noun)
HE1268	讜讙讬谞讛 (noun)
HE472	讘注诇 注住拽 (noun)
HE998	谞注讬诐 (noun)
HE706	驻专讜驻' (noun)
HE1293	爪讜驻讛 (noun)
HE407	诇讻诇讘 (noun)
HE1026	转讞转 (noun)
HE2047	讙讜谞讘转 (noun)
HE2211	讟讬驻砖讬 (adjective)
HE1738	专注 (noun)
HE1322	讝讬讬谉 (verb)
HE10	讗讚讬砖讜转 (noun)
HE1670	砖讜讟专讬诐 (noun)
HE977	驻讜砖注 (noun)
HE232	讻诇讘诇讘 (noun)
HE1250	驻讗砖讬讝诐 (noun)
HE1929	专讜爪讞转 (noun)
HE305	讘讚讜讗讬 (noun)
HE2198	转谉 (noun)
HE1108	讞讜讘讘谞讬诐 (noun)
HE737	驻讗拽 (noun)
HE525	谞讘诇 (noun)
HE571	讻诇讘讛 (noun)
HE1298	讬转讜砖 (noun)
HE2070	转讬谞讜拽转 (noun)
HE2266	注讬谞讜讬讬诐 (noun)
HE1728	驻专讝讬讟 (noun)
HE2081	砖讞讜专讛 (adjective)
HE1909	讟专讜专讬住讟 (noun)
HE1757	讛转谞砖讗讜转 (noun)
HE1506	诪讜专讬诐 (noun)
HE1527	讞砖拽 (noun)
HE41	诪驻讙专 (noun)
HE102	讘注诇讬 讞讬讬诐 (noun)
HE1136	诪讜驻拽专 (noun)
HE70	转注诇讜诇 (noun)
HE244	讞住讬诪讛 (noun)
HE348	诪诇砖讬谉 (noun)
HE1344	讙谞讘 (noun)
HE1509	诪讚专讬讱 (noun)
HE1202	讝讬讜祝 (noun)
HE2113	讞讜讟祝 (noun)
HE1835	讻讘砖讬诐 (noun)
HE226	注讜专讱-讚讬谉 (noun)
HE1720	讟驻讬诇讬诐 (noun)
HE1938	讗讜诪诇诇 (noun)
HE1487	驻住讜诇 (noun)
HE455	讞讜诐 (noun)
HE1367	讙'讜谉 (noun)
HE1002	爪讘讬注讜转 (noun)
HE637	讞诪讜诇讜转 (noun)
HE1974	注讜讻专 (noun)
HE2080	砖讞讜专 (adjective)
HE1262	驻讜诇 (noun)
HE1077	讘转讬讗讘讜谉 (noun)
HE1249	驻砖讬讝诐 (noun)
HE153	讬讜讚注 讚讘专 (noun)
HE1673	拽爪讬谉 讛诪砖讟专讛 (noun)
HE1172	驻砖讬住讟讬 (noun)
HE156	讞诪讜专 (noun)
HE606	专诪讗讬 (noun)
HE2134	诪诇讜讻诇讱 (adjective)
HE672	讗讝专讞 驻砖讜讟 (noun)
HE2102	诪讘拽专 (noun)
HE127	讗讬谞讜住 (noun)
HE1830	砖讛 (noun)
HE2206	讗讬讜讜诇转 (noun)
HE1127	讘讝讜讬 (adjective)
HE526	专砖注 (noun)
HE1350	讙讝诇 (noun)
HE681	-砖讗谞谞讜转 注爪诪讬转 (noun)
HE751	注讬转讜谞讗讬 (noun)
HE791	讗诇讬诇 (noun)
HE1828	讻讘砖讛 (noun)
HE289	砖拽专 (noun)
HE2094	驻专拽诇讬讟讜转 (noun)
HE1978	诇诪讜转 (verb)
HE38	驻讬讙讜专 (noun)
HE334	驻诇讬诇讬 (noun)
HE901	讻讜住讬转 (noun)
HE1589	讛讘诇讙谉 (noun)
HE513	讻讱 讜讻讱 (noun)
HE2082	注讬讜讜专 (adjective)
HE1761	住讞讟谉 (noun)
HE2340	诪讜砖讞转讬诐 (noun)
HE1340	讙谞讬讘讛 (noun)
HE540	讞讘专讬讛 (noun)
HE639	驻拽讬讚讛 (noun)
HE31	住讙诇 (noun)
HE1926	讛专讜爪讞 (noun)
HE1182	砖讜诪专 (noun)
HE784	驻讞讚谞讬转 (noun)
HE2062	转专谞讙讜诇讜转 (noun)
HE1482	注谞讬讬诐 (noun)
HE1565	讞谞讜谉 (noun)
HE33	讗拽讚诪讬 (noun)
HE786	驻讞讚谞讜转 (noun)
HE234	讘专讜谉 (noun)
HE1073	驻讜注诇 (noun)
HE638	驻拽讬讚 (noun)
HE203	讘专讘专讬诐 (noun)
HE1291	住拽专谉 (noun)
HE366	诪谞讛诇 讘讻讬专 (noun)
HE1908	讟专讜专 (noun)
HE1681	讛诪讗驻讬讛 (noun)
HE720	讻专讜讘 (noun)
HE1067	注讜诪住讬诐 (noun)
HE1730	拽讛讬诇讜转 (noun)
HE200	砖讜讚讚 (noun)
HE1919	专爪讞 (noun)
HE301	讘讚讜讗讬诐 (noun)
HE1534	注爪讜讘 (adjective)
HE25	诇专注讛 (noun)
HE297	讻讗讜住 (noun)
HE1405	讬讛讚讜转 (noun)
HE1470	爪专讻讬诐 诪讬讜讞讚讬诐 (noun)
HE2024	讻讬谞讛 (noun)
HE55	讻讘讜讚 注爪诪讬 (noun)
HE1596	驻讜专抓 (noun)
HE1017	谞讬讘 (noun)
HE562	驻住讜诇转 (noun)
HE1954	转讜诇注转 (noun)
HE231	注讜专讻讬 讚讬谉 (noun)
HE190	讘讬转 讘讜砖转 (noun)
HE1097	砖注讜诪讚 (noun)
HE1784	讘讬讜讘 (noun)
HE1613	砖讬专讜转讬诐 (noun)
HE67	讞住讬讚 (noun)
HE1536	注讙讜诐 (adjective)
HE912	诇讚讞讜转 (noun)
HE1357	讝讜谞讜转 (noun)
HE586	注讝讜转-诪爪讞 (noun)
HE978	注讘专讬讬谉 (noun)
HE182	讘讬转-讘讜砖转 (noun)
HE1116	讛诪爪驻谉 讛诪讜住专讬 (noun)
HE440	驻专讜转 (noun)
HE1582	讻注住 (noun)
HE2163	讙谞讘 (verb)
HE388	住讞讬讟讛 (noun)
HE544	讗住讬专 (noun)
HE144	讟诪讘诇 (noun)
HE328	讻谞讜驻讬讛 (noun)
HE2084	讞讜诐 (adjective)
HE670	讗讚诐 驻砖讜讟 (noun)
HE384	诇讗 讞讜拽讬 (noun)
HE1468	谞讻讜转 (noun)
HE2357	讘讜讙讚 (noun)
HE761	讙讬讬 (noun)
HE928	讛讜谞讗讛 (noun)
HE1917	讛专讙 (noun)
HE2128	讞谞驻谉 (noun)
HE1832	讻讘砖 (noun)
HE1460	诪讜讙讘诇讜转 (noun)
HE145	讚驻讜拽 (noun)
HE171	拽诪爪谉 (noun)
HE2109	讞讟讬驻讛 (noun)
HE2369	专讜诪谞讬诐 (noun)
HE74	砖讗专讬讜转 (noun)
HE1173	驻砖讬住讟 (noun)
HE521	讘讟诇谉 (noun)
HE17	讛转注诇诇讜转 (noun)
HE1446	讝诪专 (noun)
HE927	诪讟注讛 (noun)
HE622	住讬谞讬 (noun)
HE2317	讻专讟讬住 讗讚讜诐 (noun)
HE696	驻专讜驻住讜专讬诐 (noun)
HE1087	诪讞谞讱 (noun)
HE1907	诪讞讘诇 (noun)
HE860	爪讜讜转 (noun)
HE740	诇讛讝讚讬讬谉 (noun)
HE529	讚诇注转 (noun)
HE270	讝讜谞讛 (noun)
HE1217	诪讻讜专 (noun)
HE448	注讙诇 (noun)
HE120	讘注诇讬志讞讬讬诐 (noun)
HE1838	讟讬驻砖讜转 (noun)
HE1397	讛讚转 讛讬讛讜讚讬转 (noun)
HE73	转注专讜讘转 (noun)
HE1756	讙讗讜讜讛 (noun)
HE1064	注专讬诪讜转 (noun)
HE322	讙讝注谞讜转 (noun)
HE447	驻专讛 (noun)
HE1183	砖诪讬专 (noun)
HE352	砖讜讘讘 (noun)
HE2301	爪讬驻讜专 (noun)
HE1737	专讜注 (noun)
HE748	讙讜驻谞讬 (noun)
HE110	讘注诇讬-讞讬讬诐 (noun)
HE1128	讘讝讜讬讛 (adjective)
HE949	诪砖讞讬转讛 (noun)
HE902	诪诇驻驻讜谉 (noun)
HE1674	砖讜讟专 (noun)
HE1118	诪讜住专讬讜转 (noun)
HE361	讗讬诇 (noun)
HE1770	谞讜讗诐 (noun)
HE2244	转拽讬驻讛 诪讬谞讬转 (noun)
HE1117	转拽讬谞讜转 (noun)
HE2218	驻讗讟转讬 (adjective)
HE943	住讻住讻谉 (noun)
HE130	讗讜谞住 (noun)
HE660	讝讬谉 (noun)
HE634	砖讘讟 (noun)
HE667	讘注讬讛 (noun)
HE1881	砖讞讜专讬诐 (noun)
HE1490	讘讜专讜转 (noun)
HE106	讬爪讜专 (noun)
HE131	讗谞住 (noun)
HE1215	诇讬爪谉 (noun)
HE1332	讞讝讬专 (noun)
HE724	拽讛诇 (noun)
HE386	住讞讟 (noun)
HE612	讻诇讘讬诐 (noun)
HE2045	诇讙谞讜讘 (noun)
HE255	讻住讬诇 (noun)
HE1221	诪讗讜住 (noun)
HE903	诪诇驻驻讜谞讬诐 (noun)
HE1522	诪转讞讝讛 (noun)
HE1237	讝注诐 (noun)
HE985	讛诇讻诇讜讱 (noun)
HE1306	讞住专 转讜注诇转 (noun)
HE1243	讛讘诇 (noun)
HE1980	转驻讜讞讬 讗讚诪讛 (noun)
HE861	诪讗讜谞谉 (noun)
HE1510	诪讞谞讻转 (noun)
HE81	讛讘诇讬诐 (noun)
HE732	fucking (noun)
HE381	砖诪讜拽 (noun)
HE626	拽专讜讘讬 诪砖驻讞讛 (noun)
HE1692	讘专讜讜讝讬诐 (noun)
HE920	讙讘讬专转讬 (noun)
HE439	砖注诪讜诐 (noun)
HE2012	讘讻讬讬谉 (noun)
HE1412	讛注诐 讛讬讛讜讚讬 (noun)
HE1429	住讜讻讛 (noun)
HE229	诪砖驻讟谉 (noun)
HE840	讬谞砖讜祝 (noun)
HE331	谞讜讻诇讬诐 (noun)
HE1438	注住拽谉 (noun)
HE837	诇谞讟讜砖 (noun)
HE1656	讞讜讟诐 (noun)
HE1558	讞讜爪驻谉 (noun)
HE2105	讞砖讘 (noun)
HE327	讻谞讜驻讬讜转 (noun)
HE545	讗住讬专讬诐 (noun)
HE1537	谞讜讙讛 (adjective)
HE1382	讙讬讬讝 (noun)
HE1319	讚驻拽 (verb)
HE474	讗讬砖 注住拽讬诐 (noun)
HE1518	讗爪讬诇 (noun)
HE1710	讻驻专讬 (noun)
HE1055	砖讜注专 (noun)
HE1619	讘讬转 砖讬诪讜砖 (noun)
HE921	讙讘专转 (noun)
HE107	讞讬讛 (noun)
HE1796	讻专讬砖 (noun)
HE608	讗住驻住讜祝 (noun)
HE666	讛讘注讬讛 (noun)
HE1647	诪讗讞专 (noun)
HE86	拽谞讗讬诐 (noun)
HE1869	讻讜砖讬 (noun)
HE420	诪住转讘讱 (noun)
HE1773	专讟讜专讬拽讛 (noun)
HE1177	诪讚讜讬拽 (noun)
HE467	讞拽诇讗讬 (noun)
HE1480	注讜谞讬 (noun)
HE757	诪讜讝专 (noun)
HE2004	专讻讬诇讜转 (noun)
HE1099	拽砖讛 注诇 (noun)
HE2110	讞讜讟驻讬诐 (noun)
HE1767	砖专讬讚 (noun)
HE250	讟讬驻砖 (noun)
HE2329	拽谞讜谞讬讛 (noun)
HE1507	诪讜专讛 (noun)
HE665	爪专讛 (noun)
HE357	砖讞讜专 (noun)
HE2032	讻讜注住 (adjective)
HE290	讻讝讘 (noun)
HE223	注讜专讻转 讛讚讬谉 (noun)
HE1005	爪讘讜注 (noun)
HE1039	讬砖讘谉 (noun)
HE138	诪讟讜诪讟诐 (noun)
HE899	谞注专 (noun)
HE742	讗专谞讘 (noun)
HE1471	谞讻讬诐 (noun)
HE1422	爪讘注 (noun)
HE220	注讜专讱 讚讬谉 (noun)
HE1092	诪讙讚诇 (noun)
HE865	转谞讬谉 (noun)
HE808	诪讟专讬讚 (noun)
HE214	讟讜注谉 (noun)
HE1391	讛讜诪讜讗讬诐 (noun)
HE968	驻砖注 (noun)
HE117	讘注诇 讞讬讬诐 (noun)
HE1538	诪讗讜砖专转 (adjective)
HE864	谞讻讛 (noun)
HE2117	砖讜讚讚讬诐 (noun)
HE851	讻讜住 (noun)
HE1325	谞砖专 (noun)
HE1071	讞讘讬诇讜转 (noun)
HE515	专讜讟专 (noun)
HE701	驻专讜驻住讜专 (noun)
HE1802	讞讬讬讚拽 (noun)
HE504	注转拽 (noun)
HE321	讙讝注谉 (noun)
HE961	注讘专讬讬谞讜转 (noun)
HE72	讘诇讬诇 (noun)
HE769	住讬住讬 (noun)
HE1441	爪讘讜注讬诐 (noun)
HE1711	讘谉 讻驻专 (noun)
HE2342	专讬诪讛 (noun)
HE842	讗讜讞 (noun)
HE471	讗讬砖-注住拽讬诐 (noun)
HE363	讟讬讬拽讜谉 (noun)
HE147	讟讜诪讟讜诐 (noun)
HE119	讛讞讬 (noun)
HE621	讛讜诪讜 (noun)
HE1	砖驻诇讛 (noun)
HE1863	谞专拽讬住讬住讟 (noun)
HE30	讗拽讚诪讬讛 (noun)
HE908	诪讗驻讬讛 (noun)
HE787	砖专诇讟谉 (noun)
HE1417	讻讛谉 讙讚讜诇 (noun)
HE2230	讞讻诐 (adjective)
HE1449	讘讞讜专讛 (noun)
HE243	诇讛爪讘讬注 谞讙讚 (noun)
HE225	驻专拽诇讬讟 (noun)
HE104	讞讬讜转 (noun)
HE295	诪讛讜诪讛 (noun)
HE2074	驻注讜讟 (noun)
HE954	讛讜专住 (noun)
HE1304	诇讗 讘讞砖讘讜谉 (noun)
HE197	讘讬爪讬诐 (noun)
HE1275	住讜讛专 (noun)
HE723	讛诪讜谉 (noun)
HE1068	讗讬谞住讜祝 (noun)
HE125	讛砖诪爪讛 (noun)
HE2146	爪驻专讚注 (noun)
HE1733	转讜讻讬 (noun)
HE1414	讛诪讜谞讬诐 (noun)
HE692	驻专讜驻 (noun)
HE1063	讟讜谉 (noun)
HE1345	讙谞讘讛 (noun)
HE2347	讗诇讬诪讜转 (noun)
HE1000	诪讝讜讬祝 (noun)
HE996	讚讞讬讬讛 (noun)
HE2059	诪讝讜讬祝 (adjective)
HE994	住诇讬讚讛 (noun)
HE534	专注 (adjective)
HE2223	注谞讬 (adjective)
HE247	讚讘讬诇 (noun)
HE2315	诪转讬讞讜转 (noun)
HE1956	转讜诇注讬诐 (noun)
HE1011	诪讗讞讜专 (noun)
HE1635	讬转讜砖讬诐 (noun)
HE1984	转驻讜讞 讗讚诪讛 (noun)
HE663	转专谞讙讜诇 (noun)
HE1248	驻砖讬住讟讬诐 (noun)
HE1060	注砖专讜转 (noun)
HE967	驻砖讬注讛 (noun)
HE1176	诇住讞讜讟 (noun)
HE2296	驻专讗 (noun)
HE1852	讞讬讚讛 (noun)
HE990	诇讝讛诐 (noun)
HE1406	讬讛讜讚讬诐 (noun)
HE1691	砖讜专 (noun)
HE1842	专讜注讛 (noun)
