RU1734	谢褞斜芯胁薪懈褑邪 (noun)
RU837	褍蟹薪懈泻 (noun)
RU1717	褋械屑褜懈 (noun)
RU2993	芯斜褘虂褔薪褘泄 (adjective)
RU2447	褍薪懈褌邪虂蟹 (noun)
RU2519	芯褎懈褑械褉 (noun)
RU1650	褋芯褌褉褍写薪懈泻 (noun)
RU2638	斜械写薪褘泄 (noun)
RU1582	蟹邪写薪懈褑邪 (noun)
RU1022	褔懈薪芯胁薪懈泻 (noun)
RU750	袘芯谢谐邪褉褘 (noun)
RU1795	褕褍褌 (noun)
RU2229	芯褌泻谢褞褔械薪懈褟 (noun)
RU865	泻邪蟹懈薪芯 (noun)
RU1985	械斜邪褌褜褋褟 (verb)
RU3153	斜褘谢 (noun)
RU1145	fuck (noun)
RU175	袞懈胁芯褌薪褘械 (noun)
RU3084	褉械斜械薪芯泻 (noun)
RU781	袘芯屑卸 (noun)
RU3304	斜械写薪褘械 (adjective)
RU1977	褌褉邪虂褏邪褌褜 (verb)
RU1188	谐芯谢褍斜芯虂泄 (noun)
RU337	卸械褋褌芯泻芯褋褌褜 (noun)
RU456	胁褉邪薪褜褢 (noun)
RU2012	褋胁懈薪械泄 (noun)
RU2122	袝胁褉械懈 (noun)
RU3449	袚褉褍蟹 (noun)
RU1987	褌褉邪虂褏薪褍褌褜 (verb)
RU431	写械胁泻邪 (noun)
RU1464	懈褋褌褉械斜懈褌械谢褜 (noun)
RU219	懈写懈芯褌 (noun)
RU3379	褋褍褉芯胁褘泄 (noun)
RU977	泻懈褌邪泄褑褘 (noun)
RU961	褋芯斜邪泻 (noun)
RU2535	屑邪褎懈褟 (noun)
RU1279	褋褌褉械屑谢械薪懈械 (noun)
RU1527	谐褉褟蟹褜 (noun)
RU195	屑芯蟹谐懈 (noun)
RU3550	泻芯褉芯虂胁邪 (noun)
RU2429	小屑械褋褜 (noun)
RU408	斜谢褟写褜 (noun)
RU2123	械胁褉械泄 (noun)
RU126	邪谐褉械褋褋懈胁薪褘泄 (adjective)
RU516	锌芯写芯薪芯泻 (noun)
RU539	屑芯褕械薪薪懈褔械褋褌胁芯 (noun)
RU1184	锌械褌褍虂褏 (noun)
RU3541	褉芯屑邪 (noun)
RU3371	褌械褉褉芯褉懈褋褌芯胁 (noun)
RU2948	泻邪褉褌芯褕泻邪 (noun)
RU1002	孝械 (noun)
RU2599	笑械褉泻芯胁褜 (noun)
RU1489	屑褍虂褋芯褉 (noun)
RU1621	屑薪芯谐芯 (noun)
RU300	械褉褍薪写邪 (noun)
RU2247	邪斜褋褍褉写 (noun)
RU2314	褋褌褉邪褋褌褜 (noun)
RU1057	懈谢谢褞蟹懈褟 (noun)
RU373	褞褉懈虂褋褌 (noun)
RU3507	效懈薪 (noun)
RU2393	袚薪械胁 (noun)
RU685	褋泻芯褌懈虂薪邪 (noun)
RU1472	锌褉械褋褌褍锌谢械薪懈械 (noun)
RU1068	邪锌锌邪褉邪褌 (noun)
RU1374	屑芯谢芯写芯泄 褔械谢芯胁械泻 (noun)
RU2847	褍斜懈泄褋褌胁邪 (noun)
RU1178	锌懈虂写芯褉 (noun)
RU1951	斜械褋锌芯谢械蟹薪褘泄 (noun)
RU522	锌褉械褋褌褍锌薪懈泻 (noun)
RU779	袘袨袦袞 (noun)
RU2257	薪懈褖懈褏 (noun)
RU3308	蟹屑械褟 (noun)
RU1413	谐芯褋锌芯卸邪 (noun)
RU3546	笑褘谐邪薪 (noun)
RU694	褉褍泻芯胁芯写懈褌械谢褜 (noun)
RU3028	褉褍泻芯泄 (noun)
RU3303	薪懈褖懈泄 (adjective)
RU592	屑褍写邪虂泻 (noun)
RU2424	褍褔懈褌械谢褜薪懈褑邪 (noun)
RU3097	泻懈褌邪泄褋泻懈泄 (adjective)
RU2262	斜械写薪褘褏 (noun)
RU225	薪懈褔械谐芯 薪械 蟹薪邪褞 (noun)
RU1197	屑懈谐 (noun)
RU821	屑械褉蟹泻懈泄 (adjective)
RU879	褌褉褟虂锌泻邪 (noun)
RU548	效械褉薪褘泄 (noun)
RU2793	褔褢褉薪褘泄 (adjective)
RU2953	泻邪褉褌芯褎械谢褟 (noun)
RU1460	薪懈褔褌芯卸械褋褌胁芯 (noun)
RU43	褎邪泻褌芯褉 (noun)
RU139	邪虂褉屑懈褟 (noun)
RU1679	屑芯褉邪谢懈 (noun)
RU908	褋褍泻邪 (noun)
RU2932	卸褉邪褌褜 (verb)
RU3067	泻褍褉 (noun)
RU1065	褏械褉 (noun)
RU2515	锌芯谢懈褑械泄褋泻懈泄 (noun)
RU1477	锌褉械褋褌褍锌薪懈泻芯胁 (noun)
RU1313	褝泻懈锌邪卸 (noun)
RU1470	袣褉懈屑懈薪邪谢 (noun)
RU1377	褋褘薪芯虂泻 (noun)
RU2690	邪泻褍谢邪 (noun)
RU396	谢芯褏 (noun)
RU730	褔械褉褌! (noun)
RU566	褋胁懈薪褜褟 (noun)
RU2290	褍褔懈褌械谢褜 (noun)
RU1071	锌械褌褍褏 (noun)
RU1444	袚谢褍锌芯褋褌褜 (noun)
RU2391	蟹谢芯褋褌褜 (noun)
RU1170	袣胁懈褉 (noun)
RU2150	写芯屑邪褕薪懈泄 (noun)
RU1532	芯褌胁褉邪褖械薪懈械 (noun)
RU1568	卸芯锌邪 (noun)
RU1846	谐薪械胁 (noun)
RU1563	蟹邪 (noun)
RU2061	袩褉芯褋褌懈褌褍褌泻懈 (noun)
RU3169	蟹邪褏胁邪褌 (noun)
RU157	卸懈胁芯褌薪褘褏 (noun)
RU986	袘褍 (noun)
RU2125	小褌邪写芯 (noun)
RU1898	胁芯薪褞褔懈泄 (adjective)
RU1713	锌褉芯褋褌芯泄 (noun)
RU112	芯褋褌邪褌泻懈 (noun)
RU1073	锌褉芯斜谢械屑芯泄 (noun)
RU748	薪邪谐谢芯褋褌褜 (noun)
RU797	褌芯谢锌邪 (noun)
RU783	袘芯屑卸懈 (noun)
RU948	小芯斜邪泻懈 (noun)
RU1118	泻邪锌褍虂褋褌邪 (noun)
RU1248	褏谢邪屑 (noun)
RU3281	小褞褉锌褉懈蟹 (noun)
RU2033	胁芯褉芯胁褋褌胁芯 (noun)
RU1779	褉褘斜芯泄 (noun)
RU1928	薪邪斜谢褞写邪褌械谢褜 (noun)
RU1196	锌懈写芯褉邪虂褋 (noun)
RU675	褋泻芯褌 (noun)
RU91	薪邪褋懈谢芯胁邪谢懈 (noun)
RU2288	校褔懈褌械谢褜薪懈褑邪 (noun)
RU2071	械褋褌褜-薪械 (noun)
RU3508	褋懈谢邪 (noun)
RU3319	褋褌褉邪虂褕薪褘泄 (adjective)
RU292	褟泄褑芯 (noun)
RU3204	卸邪斜邪 (noun)
RU1209	锌褉械写邪褌械谢褜 (noun)
RU2758	胁芯褉 (noun)
RU2156	泻谢械褌泻褍 (noun)
RU2773	薪械谐褉芯胁 (noun)
RU3310	褍屑薪褘泄 (adjective)
RU2062	锌褉芯褋褌懈褌褍褌芯泻 (noun)
RU1440	斜芯屑卸 (noun)
RU2443	褌褍邪谢械虂褌 (noun)
RU2044	袞褍谢懈泻 (noun)
RU844	袟邪泻谢褞褔褢薪薪褘械 (noun)
RU3432	袩褌懈褑褘 (noun)
RU2600	袩褉懈褏芯写 (noun)
RU176	褋褍褖械褋褌胁芯 (noun)
RU343	袦械写胁械写懈 (noun)
RU47	褍褔械薪褘褏 (noun)
RU1798	薪邪褉泻芯屑邪薪 (noun)
RU1376	褋褘薪芯泻 (noun)
RU1189	谐械泄 (noun)
RU2224	袠薪胁邪谢懈写 (noun)
RU2345	褍斜懈泄褑邪 (noun)
RU2128	薪邪褉芯虂写 (noun)
RU3373	褌械褉褉芯褉懈蟹屑 (noun)
RU2294	锌懈褋械褑 (noun)
RU673	褋泻褍泻懈 (noun)
RU368	邪写胁芯泻邪褌邪 (noun)
RU1753	斜褘褋褌褉邪褟 (noun)
RU1491	谐芯胁薪芯虂 (noun)
RU3389	锌褘褌泻懈 (noun)
RU1773	褉褘斜褘 (noun)
RU954	袩褋懈薪邪 (noun)
RU45	邪泻邪写械屑懈褟 (noun)
RU2330	袥卸械褑 (noun)
RU2647	泻褉褘褋 (noun)
RU3186	芯斜褘褔薪褘泄 (adjective)
RU805	袟谢芯写械泄 (noun)
RU409	褕谢褞褏邪 (noun)
RU200	谐谢褍锌芯褋褌褜 (noun)
RU2243	芯褔泻芯虂 (noun)
RU2902	泻谢芯褍薪 (noun)
RU291	褟泄褑邪 (noun)
RU3372	孝械褉褉芯褉懈褋褌 (noun)
RU3085	褉械斜械薪泻邪 (noun)
RU2946	褍屑械褉械褌褜 (verb)
RU1415	屑邪写邪屑 (noun)
RU352	邪写胁芯泻邪褌 (noun)
RU2670	褋泻芯褉锌懈芯薪 (noun)
RU461	效褍胁邪泻 (noun)
RU2717	袨胁褑褘 (noun)
RU3418	胁械写褜屑邪 (noun)
RU342	袦械写胁械写褜 (noun)
RU1862	褎邪褕懈蟹屑 (noun)
RU1749	褎邪褕懈褋褌 (noun)
RU1171	褋褌褉邪薪薪褘泄 (noun)
RU1447	薪邪懈胁薪褘泄 (adjective)
RU3518	褋芯褌褉褍写薪懈褑邪 (noun)
RU724	斜懈蟹薪械褋屑械薪 (noun)
RU2327	袨斜屑邪薪 (noun)
RU2235	懈薪胁邪谢懈写芯胁 (noun)
RU1063	褔谢械薪 (noun)
RU767	芯斜褗械屑 (noun)
RU1133	屑薪芯虂卸械褋褌胁芯 (noun)
RU965	些械薪芯泻 (noun)
RU3386	袩褘褌泻懈 (noun)
RU889	褌褉褟锌泻邪 (noun)
RU3369	褌械褉邪泻褌 (noun)
RU416	锌褉芯褋褌懈褌褍褌泻邪 (noun)
RU3510	袧邪褋懈谢懈械 (noun)
RU2939	芯斜屑邪薪褘胁邪褌褜 (verb)
RU1906	锌芯写 泻谢褞褔 (noun)
RU2520	屑械薪褌 (noun)
RU1222	斜芯谢褌邪褌褜 (verb)
RU454	芯斜屑邪薪 (noun)
RU302	褟泄褑芯虂 (noun)
RU3178	谐褉褟虂蟹薪褘泄 (adjective)
RU557	泻芯褉芯谢褜 (noun)
RU1990	褌褉邪褏邪褌褜褋褟 (verb)
RU1983	蟹邪薪懈屑邪褌褜褋褟 褋械泻褋芯屑 (verb)
RU771	屑械褉蟹邪胁械褑 (noun)
RU3065	袣褍褉懈褑褘 (noun)
RU508	谐褉褍锌锌邪 (noun)
RU1035	泻芯蟹邪 (noun)
RU2133	斜械蟹写芯屑薪褘泄 (noun)
RU158	孝胁邪褉褜 (noun)
RU1129	屑薪芯卸械褋褌胁芯 (noun)
RU972	锌懈写芯褉 (noun)
RU1652	谢褞斜懈褌械谢褜 (noun)
RU2774	袧械谐褉褘 (noun)
RU957	袩械褋 (noun)
RU351	邪写胁芯泻邪褌芯胁 (noun)
RU50	邪泻邪写械屑懈泻 (noun)
RU294	褌械褋褌 (noun)
RU204	懈写懈芯褌泻邪 (noun)
RU3179	谐褉褟蟹薪褘泄 (adjective)
RU2872	芯褉邪薪卸械胁褘泄 (noun)
RU3542	褑褘谐邪薪 (noun)
RU60	懈写懈芯褌懈虂蟹屑 (noun)
RU1191	袚械懈 (noun)
RU1979	褌褉邪虂褏邪褌褜褋褟 (verb)
RU5	袥械薪褜 (noun)
RU595	锌褉懈写褍虂褉芯泻 (noun)
RU2134	斜械蟹写芯屑薪褘褏 (noun)
RU1008	小械 (noun)
RU3218	胁芯褉芯胁邪褌褜 (verb)
RU2121	袝胁褉械泄 (noun)
RU2568	卸懈褉薪褘泄 (noun)
RU2537	屑邪褎懈懈 (noun)
RU3293	泻褉懈胁芯泄 (adjective)
RU993	袣懈薪 (noun)
RU1372	屑邪谢褜褔懈褕泻邪 (noun)
RU528	泻芯蟹褢谢 (noun)
RU1158	泻褉芯谢懈泻 (noun)
RU3079	褉械斜褢薪芯泻 (noun)
RU2731	锌褍谢懈 (noun)
RU49	锌褉械锌芯写邪胁邪褌械谢褜 (noun)
RU1423	芯斜屑邪薪邪 (noun)
RU6	邪锌邪褌懈褟 (noun)
RU768	芯斜褗褢屑 (noun)
RU3063	袣褍褉懈褑邪 (noun)
RU1391	袨谐褍褉褑褘 (noun)
RU3290	谐谢褍锌芯 (adjective)
RU3288	写褍褉邪褑泻懈泄 (adjective)
RU1480	袩褉械褋褌褍锌谢械薪懈褟 (noun)
RU2800	斜械谢褘褏 (noun)
RU818	锌谢芯褏芯 (adjective)
RU2462	袦芯薪谐芯谢 (noun)
RU3545	笑褘谐邪薪械 (noun)
RU3219	褍泻褉邪褋褌褜 (verb)
RU1541	谢懈褑械屑械褉懈械 (noun)
RU375	褋芯斜邪褔泻邪 (noun)
RU1319	懈薪胁邪谢懈写 (noun)
RU1033	袣芯蟹械谢 (noun)
RU2844	校斜懈泄褋褌胁邪 (noun)
RU3498	胁褘褢斜褘胁邪褌褜褋褟 (verb)
RU970	小褍泻懈 (noun)
RU995	小褢 (noun)
RU2073	谐械褟 (noun)
RU2496	屑芯虂褉写邪 (noun)
RU2032	蟹谢芯写械泄 (noun)
RU2289	校褔懈褌械谢褜 (noun)
RU3433	锌褌懈褑 (noun)
RU1006	袚芯 (noun)
RU379	斜邪褉芯薪 (noun)
RU1102	锌褉芯褎械褋褋芯褉 (noun)
RU2802	褔械褉薪褘泄 (noun)
RU1693	蟹谢芯 (noun)
RU693	褕械褎 (noun)
RU2754	褌褘泻胁邪 (noun)
RU1147	械斜邪褌褜 (noun)
RU3325	褔褍褕褜 (noun)
RU2338	薪械褋褔邪虂褋褌薪褘泄 (adjective)
RU588	写械斜懈虂谢 (noun)
RU521	斜邪薪写懈褌芯胁 (noun)
RU1864	褎邪褕懈蟹屑邪 (noun)
RU543	效褢褉薪褘泄 (noun)
RU1445	袛褍褉邪褔芯泻 (noun)
RU360	蟹邪褖懈褌薪懈泻 (noun)
RU2469	泻芯屑邪褉 (noun)
RU1167	泻芯褉褉械褋锌芯薪写械薪褌 (noun)
RU1455	写褍褉邪虂泻 (noun)
RU1997	褋锌邪褌褜 (verb)
RU1079	锌褉芯褋褌褘褏 谢褞写械泄 (noun)
RU974	锌懈写芯褉邪褋 (noun)
RU2650	袣褉褘褋褘 (noun)
RU766	屑邪褋褋邪 (noun)
RU2264	斜械写薪芯褋褌褜 (noun)
RU218	锌褉懈写褍褉芯泻 (noun)
RU590	褏褍泄谢芯虂 (noun)
RU1577	斜褍谢芯褔泻懈 (noun)
RU1986	械斜邪褌褜 (verb)
RU3120	褎懈谐薪褟 (noun)
RU2889	锌褉芯褑械薪褌 (noun)
RU1961	袪械邪泻褑懈褟 (noun)
RU2301	谢械写懈 (noun)
RU905	褔邪泄薪懈泻 (noun)
RU1315	写褉芯褔懈褌褜 (noun)
RU587	写芯谢斜芯褢斜 (noun)
RU524	斜邪薪写懈褌褘 (noun)
RU2434	褌褍邪谢械褌邪 (noun)
RU327	屑褍卸懈泻 (noun)
RU2588	锌邪褉邪蟹懈褌芯胁 (noun)
RU831	泻褉褍卸芯泻 (noun)
RU2226	薪械写芯褋褌邪褌芯泻 (noun)
RU2768	褔械褉薪邪褟 (noun)
RU441	卸褍虂谢懈泻 (noun)
RU2983	褋谢褍褏懈 (noun)
RU1131	屑邪虂褋褋邪 (noun)
RU7	谢械薪褜 (noun)
RU1796	袛褍褉邪泻 (noun)
RU3245	孝邪褉邪泻邪薪褘 (noun)
RU203	写械斜懈谢 (noun)
RU2241	卸芯虂锌邪 (noun)
RU1525	谐褉褟蟹懈 (noun)
RU684	泻芯褉芯胁 (noun)
RU403	谐谢褍锌褘泄 (noun)
RU3024	蟹谢芯泄 (adjective)
RU2524	锌芯谢懈褑械泄褋泻懈褏 (noun)
RU1595	谢懈褋邪虂 (noun)
RU3383	锌褘褌邪褌褜 (noun)
RU1393	芯谐褍褉褑褘 (noun)
RU58	袗泻邪写械屑懈泻 (noun)
RU184	懈蟹薪邪褋懈谢芯胁邪薪懈械 (noun)
RU2718	谐谢褍锌芯褋褌懈 (noun)
RU1003	孝芯 (noun)
RU841	袟邪泻谢褞褔械薪薪褘械 (noun)
RU1029	袣芯蟹褢谢 (noun)
RU1041	泻芯蟹邪虂 (noun)
RU2328	袙褉邪薪褜褢 (noun)
RU455	薪械锌褉邪虂胁写邪 (noun)
RU1114	泻邪锌褍褋褌邪 (noun)
RU1715	褉芯写褋褌胁械薪薪懈泻懈 (noun)
RU1993	胁褘械斜邪褌褜 (verb)
RU2619	袟谢芯 (noun)
RU1701	褉芯虂卸邪 (noun)
RU2846	褍斜懈泄褑 (noun)
RU2672	泻邪薪邪谢懈蟹邪褑懈懈 (noun)
RU349	屑懈薪懈褋褌褉邪 (noun)
RU1791	褋褌邪写芯 (noun)
RU2497	屑芯褉写邪 (noun)
RU585	械斜谢邪虂薪 (noun)
RU242	蟹邪写薪懈褑褍 (noun)
RU3226	胁芯褉芯胁邪褌褜 (noun)
RU3080	屑邪谢褘褕 (noun)
RU1493	写械褉褜屑芯虂 (noun)
RU3423	锌褌懈褑邪 (noun)
RU967	褋芯斜邪泻邪 (noun)
RU1381	锌懈蟹写邪 (noun)
RU3385	锌褘褌泻邪 (noun)
RU194	斜邪褕泻邪 (noun)
RU1236	屑褍褋芯褉 (noun)
RU1183	谐械械胁 (noun)
RU1580	锌芯锌邪 (noun)
RU407	写褍褉邪褔芯泻 (noun)
RU2118	械胁褉械械胁 (noun)
RU23	锌芯屑芯褖薪懈泻芯胁 (noun)
RU774	写褉褟薪褜 (noun)
RU1528	锌芯写谢芯褋褌褜 (noun)
RU2441	褌褍邪谢械褌 (noun)
RU503	斜邪薪写褘 (noun)
RU2042	胁芯褉芯胁 (noun)
RU2850	褍斜懈泄褋褌胁芯 (noun)
RU424	褋谢邪斜褘泄 (noun)
RU692	薪邪褔邪谢褜薪懈泻 (noun)
RU1005	褉芯写 (noun)
RU2182	屑懈谢邪虂褕泻邪 (noun)
RU2864	褍斜懈虂泄褑邪 (noun)
RU1142	褔械褉褌芯胁 (noun)
RU3059	泻褍褉懈褑邪 (noun)
RU1474	锌褉械褋褌褍锌谢械薪懈褟 (noun)
RU2068	袩褉芯褋褌懈褌褍褌泻邪 (noun)
RU1553	褋蟹邪写懈 (noun)
RU490	锌褉芯懈蟹胁芯写懈褌械谢褜 (noun)
RU1062	褏褍泄 (noun)
RU1643	锌械写邪谐芯谐 (noun)
RU2645	褖械薪芯泻 (noun)
RU1675	袦芯褉邪谢褜 (noun)
RU1165	卸褍褉薪邪谢懈褋褌 (noun)
RU1933	写械褌械泻褌懈胁 (noun)
RU1303	褋芯胁邪 (noun)
RU432	褕谢褞虂褏邪 (noun)
RU2855	褍斜懈泄褋褌胁 (noun)
RU609	褕邪薪褌邪卸 (noun)
RU718	锌褉械写锌褉懈薪懈屑邪褌械谢褜 (noun)
RU72	懈写懈芯褌懈蟹屑 (noun)
RU3082	屑邪谢褘褕泻邪 (noun)
RU459	谢芯卸褜 (noun)
RU216	写褍褉邪泻 (noun)
RU1861	肖邪褕懈褋褌 (noun)
RU842	袟 泻 (noun)
RU555	褑邪褉褜 (noun)
RU2303	袥械写懈 (noun)
RU2935	芯斜屑邪薪褍褌褜 (verb)
RU2437	褌褍邪谢械褌褘 (noun)
RU507	芯褌褉褟写 (noun)
RU2601	芯泻褉褍谐 (noun)
RU513	卸褍谢懈泻 (noun)
RU523	锌褉械褋褌褍虂锌薪懈泻 (noun)
RU476	褏邪芯褋 (noun)
RU2269	薪懈褖械褌邪 (noun)
RU3274	斜械虂写薪褘泄 (adjective)
RU370	邪写胁芯泻邪虂褌 (noun)
RU1411	写邪屑邪 (noun)
RU2649	泻褉褘褋邪 (noun)
RU1866	肖邪褕懈褋褌褘 (noun)
RU2467	屑芯薪谐芯虂谢 (noun)
RU2904	芯褕懈虂斜泻邪 (noun)
RU2984	薪懈褖懈泄 (noun)
RU3109	锌褉芯锌邪谐邪薪写邪 (noun)
RU3087	写懈褌褟 (noun)
RU110	褕褍褌泻邪 (noun)
RU162	卸懈胁芯褌薪芯械 (noun)
RU2433	褍写芯斜褋褌胁邪 (noun)
RU2180	写械胁褍褕泻邪 (noun)
RU2185	泻褉邪褋芯虂褌泻邪 (noun)
RU1656	锌褉械褋褌褍锌谢械薪懈泄 (noun)
RU688	泻芯褉芯胁邪 (noun)
RU1606	芯胁械薪 (noun)
RU510	斜邪薪写邪 (noun)
RU3509	薪邪褋懈谢懈褟 (noun)
RU457	薪械锌褉邪胁写邪 (noun)
RU1104	袩褉芯褎. (noun)
RU465	褔褍胁邪泻 (noun)
RU3299	卸邪谢泻懈泄 (adjective)
RU981	袣邪薪 (noun)
RU3236	泻褉械锌泻懈泄 (adjective)
RU1561	褌褜褎褍 (noun)
RU70	袛械斜懈谢褘 (noun)
RU822	薪懈蟹泻懈泄 (adjective)
RU3273	斜械写薪褘泄 (adjective)
RU1130	泻褍褔邪 (noun)
RU3030	褉褍褔薪芯泄 (noun)
RU1967	褌褉邪褏邪褌褜 (verb)
RU817	锌谢芯褏芯泄 (adjective)
RU589	褍斜谢褞写芯泻 (noun)
RU529	泻芯蟹械谢 (noun)
RU989	孝褢 (noun)
RU2954	泻邪褉褌芯褎械谢褜 (noun)
RU217	写褍褉邪 (noun)
RU2063	写卸芯薪 (noun)
RU332	褏邪屑 (noun)
RU959	袩褢褋 (noun)
RU2386	蟹邪胁懈褋褌褜 (noun)
RU2871	褌褘虂泻胁邪 (noun)
RU1193	谢械褋斜懈褟虂薪泻邪 (noun)
RU798	斜褘写谢芯 (noun)
RU3091	褋谢械锌芯泄 (adjective)
RU620	褌褍锌懈泻 (noun)
RU3086	泻褉芯褕泻邪 (noun)
RU3240	褌邪褉邪泻邪薪 (noun)
RU2887	薪械褋褔邪褋褌薪褘泄 (noun)
RU907	袠写懈芯褌懈蟹屑 (noun)
RU2027	褏懈褌褉褘泄 (adjective)
RU3289	谐谢褍锌褘泄 (adjective)
RU3324	卸械褋褌芯泻懈泄 (adjective)
RU2360	薪邪褋械泻芯屑褘褏 (noun)
RU634	锌芯褉褌懈褌褜 (noun)
RU711	泻褉械褋褌褜褟薪 (noun)
RU3426	bird (noun)
RU1093	泻邪褋褌 (noun)
RU2906	泻谢芯褍薪褘 (noun)
RU1531	薪械锌褉懈褟褌薪褘械 (noun)
RU1243	屑褍褋芯褉邪 (noun)
RU2244	屑褍写邪泻 (noun)
RU1615	褌芯薪薪 (noun)
RU3368	孝械褉褉芯褉懈褋褌褘 (noun)
RU945	褋胁芯谢芯褔褜 (noun)
RU2335	谐褉褍褋褌薪褘泄 (adjective)
RU382	袘邪褉芯薪 (noun)
RU3302	锌芯谢懈褌懈褔械褋泻懈泄 (adjective)
RU361	褋褌芯褉芯薪薪懈泻 (noun)
RU2641	谐芯褉写芯褋褌褜 (noun)
RU2312	卸械谢邪薪懈械 (noun)
RU2427	褋屑械褋褜 (noun)
RU2129	屑邪褋褋褘 (noun)
RU1594	谢懈褋 (noun)
RU2833	褌械褉褉芯褉懈褋褌 (noun)
RU3519	褉邪斜芯褌薪懈泻 (noun)
RU2341	谐褉褍虂褋褌薪褘泄 (adjective)
RU1674	谢褞斜懈褌械谢械泄 (noun)
